State,District,Latitude,Longitude,District code,Population,Households_with_Internet,Agricultural_Workers,LPG_or_PNG_Households,Housholds_with_Electric_Lighting,Households_with_Television,ST,SC,Rural_Households,Urban_Households,sex_ratio,Literacy_rate
Andhra Pradesh,Adilabad,19.284513950073435,78.81321233480176,532,2741239,5512,484912,194954,566108,306433,495794,488596,597466,220248,100.0,54.0
Andhra Pradesh,Anantapur,14.312065561843148,77.4601584478577,553,4081148,8606,879537,223016,897970,559461,154127,583135,902997,341431,98.0,57.0
Andhra Pradesh,Chittoor,13.33109263067696,78.92763898886037,554,4174064,13763,748093,324406,944555,611465,159165,785760,907970,395900,100.0,64.0
Andhra Pradesh,East Godavari,16.782718320784902,82.2432074720511,545,5154296,22411,1122046,479914,1297273,821421,213195,945269,1199479,406362,101.0,64.0
Andhra Pradesh,Guntur,15.884925767634847,80.58657614107885,548,4887813,19383,1227956,648568,1186028,816849,247089,957407,1069877,513113,100.0,61.0
Andhra Pradesh,Hyderabad,17.38971555555556,78.46668888888888,536,3943323,149034,23029,581509,869721,746818,48937,247927,0,1066289,95.0,73.0
Andhra Pradesh,Karimnagar,18.515483193277312,79.43765428571413,534,3776269,8831,756859,344667,926768,589283,106745,709757,877236,288044,101.0,58.0
Andhra Pradesh,Khammam,17.683921325051784,80.67008643892335,541,2797370,8628,804537,219710,668519,416734,765565,462896,669262,201363,101.0,58.0
Andhra Pradesh,Krishna,16.143872753151673,81.14805061000413,547,4517398,30438,1006976,632890,1163932,794346,132464,871063,909292,567042,99.0,67.0
Andhra Pradesh,Kurnool,15.43759715142429,77.90086836581717,552,4053463,10081,1037302,195001,816721,543044,82831,737945,783853,306982,99.0,52.0
Andhra Pradesh,Mahbubnagar,16.639546224256293,77.98933089244859,538,4053028,6153,931084,136843,757821,362791,364269,708954,848963,161052,98.0,48.0
Andhra Pradesh,Medak,17.889304978038055,78.13778901903379,535,3033288,8635,571129,163074,604719,349304,168985,537947,593653,195479,99.0,54.0
Andhra Pradesh,Nalgonda,17.113250515463907,79.16984453608244,539,3488809,7715,863131,228818,789225,464172,394279,637385,833504,197433,98.0,57.0
Andhra Pradesh,Nizamabad,18.429485849056604,78.07523490566035,533,2551335,5261,448281,186740,545913,308270,192941,371074,565165,155133,104.0,54.0
Andhra Pradesh,Prakasam,15.489039001601704,80.11665790176184,549,3397448,6151,889218,290947,763746,468022,151145,787861,873486,214089,98.0,56.0
Andhra Pradesh,Srikakulam,18.570900998697432,84.25874814010675,542,2703114,3988,700833,149554,615432,297418,166118,255664,752752,149684,101.0,55.0
Andhra Pradesh,Vizianagaram,18.28329696032972,83.45982854198873,543,2344474,4453,557254,140361,527736,278230,235556,247728,592458,157056,102.0,53.0
Andhra Pradesh,Warangal,18.01752608695651,79.87422028985509,540,3512576,12952,758092,237349,828077,462819,530656,616102,758738,288249,100.0,59.0
Andhra Pradesh,West Godavari,16.63297943925236,81.45912990654196,546,3936966,12050,1061787,435334,1017568,648607,109072,811698,1007255,248373,100.0,67.0
Arunachal Pradesh,Changlang,27.36048479338845,96.37552644628106,253,148226,170,4208,4762,14593,9314,53878,0,33422,6498,93.0,49.0
Arunachal Pradesh,East Kameng,27.371194055944056,93.04741486013997,247,78690,57,1063,3583,5318,3169,72400,0,14503,5215,103.0,49.0
Arunachal Pradesh,East Siang,28.15382352941176,95.06499226006191,251,99214,450,3565,4866,14231,9363,69979,0,19497,9524,98.0,63.0
Arunachal Pradesh,Kurung Kumey,28.04853351800553,93.24531994459834,256,92076,95,2947,586,3911,1320,90764,0,18603,1092,103.0,40.0
Arunachal Pradesh,Lohit,27.946785273972623,96.59670770547945,259,145726,312,7789,6549,17157,12215,47410,0,33599,11372,91.0,57.0
Arunachal Pradesh,Lower Dibang Valley,28.32651730103806,95.76567335640142,258,54080,207,3354,3068,5932,4345,25974,0,12000,3950,93.0,59.0
Arunachal Pradesh,Lower Subansiri,27.70849297297297,93.96226108108112,255,83030,381,1968,4211,12493,7285,72911,0,18112,5365,98.0,65.0
Arunachal Pradesh,Papum Pare,27.273529716981127,93.54468183962264,248,176573,2477,1859,22966,30539,23203,117216,0,20308,30180,98.0,69.0
Arunachal Pradesh,Tawang,27.680683962264148,91.82504245283016,245,49977,96,1581,3794,8635,4824,34811,0,10730,2452,71.0,52.0
Arunachal Pradesh,Tirap,26.94406229508198,95.41470327868862,254,111975,98,1811,3104,16026,6118,98372,0,18420,6500,94.0,43.0
Arunachal Pradesh,Upper Siang,28.8309244897959,95.00155765306124,252,35320,97,804,1504,6198,2823,28468,0,8569,2182,89.0,52.0
Arunachal Pradesh,Upper Subansiri,28.277196566523585,93.8991435622318,249,83448,139,1846,3123,5373,3580,78323,0,14542,4672,100.0,54.0
Arunachal Pradesh,West Kameng,27.46486582278483,92.65015750452083,246,83947,202,1705,7133,14188,8634,46380,0,17889,6306,82.0,58.0
Arunachal Pradesh,West Siang,28.106296920289843,94.53510344202908,250,112274,303,1384,6115,14204,9593,92783,0,22272,8503,93.0,58.0
Assam,Barpeta,26.427872264631056,90.97912010178116,303,1693622,2078,98946,50806,84804,55319,27344,95320,447189,52192,95.0,53.0
Assam,Bongaigaon,26.45012521994133,90.6734296187684,319,738804,2523,47406,29937,49866,36350,18835,82784,181923,38470,97.0,59.0
Assam,Cachar,24.815570668693017,92.86849650455927,316,1736617,5316,68664,62135,140205,99887,17569,264897,346227,88933,96.0,68.0
Assam,Darrang,26.58463215962442,92.04141338028155,325,928500,1166,81617,17676,45444,30616,8419,40260,268517,20189,95.0,52.0
Assam,Dhemaji,27.586533438485816,94.71336908517353,308,686133,1192,19181,16547,28195,25776,325560,44225,211758,16504,95.0,62.0
Assam,Dibrugarh,27.30612284482757,95.0998282327587,310,1326335,8817,61209,76292,136685,121737,102871,58876,299852,77163,96.0,67.0
Assam,Goalpara,26.017277777777807,90.59869891598912,302,1008183,1364,75828,21455,78641,42628,231570,45094,228610,39504,96.0,56.0
Assam,Golaghat,26.377219709794485,93.82583397823468,313,1066888,3073,66616,40889,82345,70930,111765,62298,292893,34190,96.0,68.0
Assam,Hailakandi,24.457496089385486,92.59154664804475,318,659296,1211,31248,11035,44143,19998,691,70659,159215,16202,95.0,62.0
Assam,Jorhat,26.76244824016563,94.30197722567289,312,1092256,5651,53153,71639,122063,92598,139971,88665,286330,80824,96.0,73.0
Assam,Kamrup,26.170939452054807,91.58863273972592,321,1517542,3109,99522,70272,122191,90941,182038,107827,390596,43849,95.0,66.0
Assam,Karbi Anglong,26.08966454598031,93.11536570271832,314,956313,1923,60952,18763,53918,56689,538738,44961,215691,37185,95.0,58.0
Assam,Karimganj,24.69660712250711,92.3679498575498,317,1228686,1933,67033,28261,70951,38570,1940,157890,261945,32695,96.0,65.0
Assam,Kokrajhar,26.497246635730868,90.13997470997688,300,887142,1218,56330,15089,41373,32320,278665,29570,204896,17115,96.0,55.0
Assam,Lakhimpur,27.14128805970149,94.0775949253732,307,1042137,1948,43922,32104,60296,45689,249426,81840,293239,34694,97.0,66.0
Assam,Nagaon,26.26462170626351,92.9306191144708,305,2823768,5121,196174,89206,195631,127523,115153,266350,674999,124186,96.0,61.0
Assam,Nalbari,26.46323767605632,91.40598521126763,323,771639,1631,34984,37849,68313,45938,23364,60216,210706,28238,95.0,69.0
Assam,Sonitpur,26.73514926829268,92.85197804878044,306,1924110,4358,114865,70047,133368,106909,232207,109130,483325,64528,96.0,58.0
Assam,Tinsukia,27.53549291139241,95.69055949367085,309,1327929,5135,47756,70471,161718,111738,82066,37688,290704,90910,95.0,60.0
Bihar,Araria,26.211528119180603,87.30766554934816,209,2811569,2561,691947,17004,43290,40387,38848,382654,659061,44213,92.0,43.0
Bihar,Aurangabad,24.774291867469877,84.45986024096379,235,2540073,2362,426096,24106,44456,45871,1033,612064,428291,49006,93.0,58.0
Bihar,Aurangabad,24.774291867469877,84.45986024096379,515,3701282,23258,396630,246324,589477,403594,143366,539368,551789,427343,92.0,68.0
Maharashtra,Aurangabad,20.0979228832952,75.32072196796334,235,2540073,2362,426096,24106,44456,45871,1033,612064,428291,49006,93.0,58.0
Maharashtra,Aurangabad,20.0979228832952,75.32072196796334,515,3701282,23258,396630,246324,589477,403594,143366,539368,551789,427343,92.0,68.0
Bihar,Banka,24.832355642023337,86.8664916342413,225,2034763,1704,462614,15459,62359,32859,90432,247858,425604,18492,91.0,47.0
Bihar,Begusarai,25.54302613168723,86.12560144032932,222,2970541,4644,430870,49493,120373,76761,1597,432270,594377,139248,89.0,52.0
Bihar,Bhagalpur,25.277192885375477,87.04213814229242,224,3037766,6764,475228,63241,174534,117040,67180,318569,522527,130634,88.0,52.0
Bihar,Bhojpur,25.50666439393939,84.49407803030304,231,2728407,3661,364875,45763,62153,87879,13977,425402,434559,77368,91.0,59.0
Bihar,Buxar,25.48593018867924,84.08808081760995,232,1706352,1784,251790,27362,46760,48405,26824,251737,299252,35405,92.0,58.0
Bihar,Darbhanga,26.146187719298258,85.97387352472099,215,3937385,6280,642115,59510,127442,80085,2772,615688,907174,95539,91.0,46.0
Bihar,Gaya,24.7266541547278,84.94291217765044,236,4391418,6856,783505,57738,112617,107970,3098,1334351,696289,111282,94.0,52.0
Bihar,Gopalganj,26.44874364161851,84.34636127167629,217,2562012,3707,338666,31193,69375,61380,60807,320064,515925,38133,102.0,54.0
Bihar,Jamui,24.78418380462726,86.26316298200514,238,1760405,1839,331466,12984,32633,27056,78793,302649,325909,30851,92.0,49.0
Bihar,Jehanabad,25.155679045643165,84.9208124481328,239,1125313,1106,179519,15507,27641,32086,1285,222974,186660,28132,92.0,55.0
Bihar,Katihar,25.56565356037151,87.70466083591326,212,3071029,2941,672291,32570,60900,60110,179971,263100,668232,69838,92.0,42.0
Bihar,Khagaria,25.53558891454964,86.56593256351037,223,1666886,1580,325731,15401,40641,31220,675,247161,373696,21007,89.0,46.0
Bihar,Kishanganj,26.324336758321294,87.95045007235886,210,1690400,1093,321867,11715,58718,28736,64224,113118,401793,43357,95.0,44.0
Bihar,Lakhisarai,25.183449321266963,86.12825701357468,227,1000912,1186,159970,12938,44491,31048,8333,153209,175882,31763,90.0,51.0
Bihar,Madhepura,25.77341929460581,86.8978443983403,213,2001762,1397,484062,12302,23236,23209,12532,346275,486278,24000,91.0,42.0
Bihar,Madhubani,26.41380538172716,86.16328360450552,207,4487379,5319,940642,47090,113281,73851,3990,587158,1047552,41234,93.0,48.0
Bihar,Munger,25.198537962962963,86.54173672839504,226,1367765,2653,196449,49141,90461,69973,21404,183846,222281,85782,88.0,59.0
Bihar,Muzaffarpur,26.18664417177915,85.32745092024543,216,4801062,10290,769001,87796,180651,172027,5979,751975,998694,120700,90.0,52.0
Bihar,Nalanda,25.229345508982053,85.48053113772461,229,2877653,4156,534021,43761,101378,87070,1442,607672,514141,102522,92.0,53.0
Bihar,Nawada,24.825708836206903,85.61594568965519,237,2219146,1841,397505,20522,31162,34020,2045,565112,379551,45323,94.0,49.0
Bihar,Pashchim Champaran,27.16064352201258,84.30265911949685,203,3935042,3495,998833,38414,57546,69056,250046,553944,839514,96620,91.0,45.0
Bihar,Patna,25.40297114503818,85.3198433587787,230,5838465,40692,658203,321307,546859,453344,9069,920918,657991,552103,90.0,59.0
Bihar,Purba Champaran,26.68129336734693,85.00382155612242,204,5099371,7719,1057417,52358,74979,96546,12461,649726,1142260,101565,90.0,45.0
Bihar,Purnia,25.81714801901739,87.40447606973065,211,3264619,4170,745015,33688,86058,63200,139490,390991,712847,85749,92.0,41.0
Bihar,Rohtas,24.99170460829495,83.9350762672811,234,2959918,4594,405544,41659,114893,106218,31650,549546,512383,95678,92.0,61.0
Bihar,Saharsa,25.821270696721303,86.54670819672135,214,1900661,1668,356833,21651,41342,30518,6009,317249,432651,38046,91.0,42.0
Bihar,Samastipur,25.793205563909765,85.94833323308269,221,4261566,5379,721629,46123,88021,84248,1884,803128,1012979,43486,91.0,50.0
Bihar,Saran,25.89656077844312,84.82266287425155,219,3951862,4509,493461,51822,94787,128169,36786,474066,701323,76299,95.0,55.0
Bihar,Sheikhpura,25.12472436548223,85.77839390862943,228,636342,631,109696,6803,20065,16279,617,131115,108293,24345,93.0,52.0
Bihar,Sheohar,26.458380748663107,85.29539411764709,205,656246,478,136334,3983,10004,11722,318,96655,158484,7516,89.0,43.0
Bihar,Sitamarhi,26.56570069686413,85.61172491289203,206,3423574,3460,635907,39465,66263,61089,2989,405714,807294,49670,90.0,42.0
Bihar,Siwan,26.1736372013652,84.33766552901022,218,3330464,3834,376344,42384,52935,74071,87000,386685,632514,41858,99.0,58.0
Bihar,Supaul,26.28157893772896,86.78496465201461,208,2229076,1845,554271,12111,51028,26559,10168,354249,572287,27815,93.0,46.0
Bihar,Vaishali,25.8134703180212,85.39247597173153,220,3495021,4810,502637,47300,70001,101269,2274,738031,699317,51494,89.0,55.0
Chandigarh,Chandigarh,30.7426,76.75872465753424,55,1055450,44283,1687,168344,231204,193932,0,199086,8911,289456,82.0,76.0
Chhattisgarh,Bastar,19.393866751269048,81.52895126903546,414,1413199,1782,287828,22075,157646,50155,931780,37963,316425,54894,102.0,46.0
Chhattisgarh,Bilaspur,22.356942982456143,81.99770350877188,30,381956,1574,4138,17262,79146,61392,10693,98989,152458,11987,98.0,75.0
Chhattisgarh,Bilaspur,22.356942982456143,81.99770350877188,406,2663629,8566,572292,77727,519704,193337,498469,552992,549632,188174,97.0,60.0
Himachal Pradesh,Bilaspur,31.3780422907489,76.65316079295157,30,381956,1574,4138,17262,79146,61392,10693,98989,152458,11987,98.0,75.0
Himachal Pradesh,Bilaspur,31.3780422907489,76.65316079295157,406,2663629,8566,572292,77727,519704,193337,498469,552992,549632,188174,97.0,60.0
Chhattisgarh,Dhamtari,20.554912627291245,81.7569195519348,412,799781,1016,182602,14568,148926,67737,207633,58581,168689,41792,101.0,68.0
Chhattisgarh,Durg,21.194463849287164,81.33181639511197,409,3343872,16141,560415,129193,614109,343369,397416,458040,533448,349741,99.0,69.0
Chhattisgarh,Jashpur,22.77286167664669,83.8703962075848,402,851669,567,197558,6628,76783,20512,530378,48844,205670,20722,101.0,58.0
Chhattisgarh,Korba,22.491712499999995,82.57604326923074,404,1206640,4544,221806,43357,202380,95963,493559,124679,206598,126055,97.0,62.0
Chhattisgarh,Koriya,23.50412776859501,82.12515636363635,400,658917,1667,94648,25605,80023,38765,304280,54776,121852,59763,97.0,60.0
Chhattisgarh,Mahasamund,21.223727037773354,82.65925427435384,411,1032754,961,278073,13200,212487,68012,279896,139581,274793,35774,102.0,62.0
Chhattisgarh,Raigarh,22.008265068493166,83.27797698630134,403,1493984,3342,323788,27771,297308,98784,505609,224942,354278,66638,99.0,64.0
Chhattisgarh,Raigarh,22.008265068493166,83.27797698630134,520,2634200,38570,191182,328277,547206,374021,305125,134952,581868,377160,96.0,74.0
Maharashtra,Raigarh,18.453257637845976,73.0090609418579,403,1493984,3342,323788,27771,297308,98784,505609,224942,354278,66638,99.0,64.0
Maharashtra,Raigarh,18.453257637845976,73.0090609418579,520,2634200,38570,191182,328277,547206,374021,305125,134952,581868,377160,96.0,74.0
Chhattisgarh,Raipur,20.88603153846152,82.20032759615388,410,4063872,20261,708993,166505,728556,378113,476446,724250,673499,395001,98.0,65.0
Chhattisgarh,Surguja,23.32719278728607,83.23582493887531,401,2359886,2737,523356,29433,253131,74614,1300628,115652,525596,65167,98.0,50.0
Daman and Diu,Daman,20.431616666666677,72.8392366071429,495,191173,1316,481,25844,49249,28433,15240,4262,10006,61073,53.0,79.0
Daman and Diu,Junagadh,20.72568199498111,70.83985639899612,479,2743082,6628,333996,144561,498326,318954,55571,265793,489237,287506,95.0,67.0
Gujarat,Junagadh,20.929523011609785,70.54733890140345,479,2743082,6628,333996,144561,498326,318954,55571,265793,489237,287506,95.0,67.0
Goa,North Goa,15.548723418714054,73.80667997909038,585,818008,23440,14120,132612,173951,146307,56606,17606,115859,209230,96.0,81.0
Goa,South Goa,15.195278658183785,73.941792596877,586,640537,17624,12640,102191,138810,115535,92669,7843,88620,162873,99.0,78.0
Gujarat,Ahmadabad,22.605425564971743,72.23898135593227,474,7214225,126341,268954,965017,1456046,1159650,89138,759483,353169,1845383,90.0,75.0
Gujarat,Amreli,21.04832649310872,71.43457637825426,480,1514190,2538,209935,80378,273331,164282,7322,132915,313714,116899,96.0,66.0
Gujarat,Anand,22.282718206229863,72.57782051557454,482,2092745,9902,346329,147122,378310,203467,24824,104465,413078,208909,92.0,74.0
Gujarat,Banas Kantha,24.258538965517253,71.93205252873561,469,3120506,3424,350541,84832,396873,144792,284155,327460,666773,137424,94.0,55.0
Gujarat,Bharuch,21.75787276237761,72.67326346710801,488,1551019,10257,253577,121542,309091,178535,488194,62235,300677,181319,93.0,72.0
Gujarat,Bhavnagar,21.70219390341736,72.16272632761141,481,2880365,7297,334025,171327,500757,293361,9110,157034,387251,356826,93.0,66.0
Gujarat,Gandhinagar,23.193679790026252,72.67221679790026,473,1391753,12107,129356,132683,262539,178594,18204,108608,237624,195634,92.0,74.0
Gujarat,Jamnagar,22.410600414263328,69.62062005768233,477,2160119,11573,147193,142974,386538,270555,24187,173895,347158,299167,94.0,65.0
Gujarat,Kachchh,23.48057203301311,68.82192301497916,468,2092371,9631,183971,140067,403294,250397,24228,258859,488293,250982,91.0,60.0
Gujarat,Kheda,22.88765312500002,73.018803515625,483,2299885,5710,359842,99982,372226,171342,40336,115631,461479,160547,94.0,72.0
Gujarat,Mahesana,23.529355452865065,72.45545194085031,471,2035064,7759,242969,180985,385609,245131,9392,162288,476005,183738,93.0,74.0
Gujarat,Narmada,21.70666386292833,73.68403208722742,487,590297,576,188030,12997,101940,31194,481392,8733,138121,22248,96.0,63.0
Gujarat,Navsari,20.866973318871995,72.86184869848157,490,1329672,6726,206608,114620,267679,153431,639659,35464,267739,141417,96.0,75.0
Gujarat,Panch Mahals,22.80435606837605,73.61984598290586,484,2390776,3456,376038,59096,398937,90896,721604,100446,463363,104238,95.0,60.0
Gujarat,Patan,23.80634198473284,71.75162977099237,470,1343734,2231,227080,66310,223424,108006,13303,123408,301483,102655,94.0,62.0
Gujarat,Porbandar,21.55092351651571,69.71896987722886,478,585449,1653,48964,41686,117040,80820,13039,51830,96015,87557,95.0,67.0
Gujarat,Rajkot,22.40603377715488,70.83679439383323,476,3804558,21785,214285,362140,747352,571843,24017,290169,459474,721532,93.0,72.0
Gujarat,Sabar Kantha,23.71803594548552,73.13638790459964,472,2428589,5262,333867,99037,438606,180909,542156,187685,544024,121509,95.0,65.0
Gujarat,Surat,21.25761372772093,72.93488716344339,492,6081322,55694,325739,815423,1252452,788447,856952,158115,369840,1529998,79.0,75.0
Gujarat,Surendranagar,22.82672007299272,71.48358740875906,475,1756268,2975,270861,77857,302068,177591,21453,179461,340788,159810,93.0,62.0
Gujarat,The Dangs,20.801633877551023,73.6883518367347,489,228291,137,40486,2029,29794,9262,216073,992,52102,7516,101.0,62.0
Gujarat,Vadodara,22.26133739279589,73.49433010291594,486,4165626,53606,570361,411734,798277,497049,1149901,221629,547454,692971,93.0,69.0
Gujarat,Valsad,20.44238231644259,72.9148584798345,491,1705678,11020,183025,137209,329218,188248,902794,38237,262410,235981,92.0,69.0
Haryana,Ambala,30.3503672316384,76.94970310734456,70,1128350,12899,57293,121622,199681,172034,0,296246,175365,139891,88.0,72.0
Haryana,Bhiwani,28.728868064516128,76.02110225806452,81,1634445,5292,103788,88938,266244,176336,0,341162,357047,99235,89.0,65.0
Haryana,Faridabad,28.14873109756098,77.32718536585368,88,1809733,43437,29288,258422,333171,279652,0,223799,87700,382981,87.0,70.0
Haryana,Fatehabad,29.57298318584072,75.54608716814157,78,942011,3210,97997,51693,153301,107042,0,284357,203020,55360,90.0,59.0
Haryana,Gurgaon,28.043894789579163,77.01935130260523,86,1514432,67087,27097,238359,305751,248024,0,197937,141703,381988,85.0,73.0
Haryana,Hisar,29.23628731117825,75.84324682779452,80,1743931,10132,144213,110495,285004,202588,0,408785,302013,154113,87.0,64.0
Haryana,Jhajjar,28.59651868131869,76.61137142857145,83,958405,5034,44845,70149,168558,128007,0,170448,211816,78328,86.0,71.0
Haryana,Jind,29.45149821958457,76.29598575667653,77,1334152,5263,102071,78386,222462,160742,0,282351,278335,89665,87.0,62.0
Haryana,Kaithal,29.96068539094649,76.37698930041155,73,1074304,3724,85651,62668,187349,140195,0,247513,231091,75696,88.0,60.0
Haryana,Karnal,29.703200647249204,76.87488025889972,74,1505324,11163,133723,143133,267223,215813,0,339604,292682,135920,89.0,65.0
Haryana,Kurukshetra,30.05652659846548,76.78774680306903,72,964655,7356,85890,90150,171908,143316,0,215128,203553,88268,89.0,67.0
Haryana,Mahendragarh,28.1352161458333,76.14018072916659,84,922088,2624,38320,45359,135455,88012,0,156314,223726,44216,89.0,68.0
Haryana,Panchkula,30.700897142857134,76.97173238095236,69,561293,18615,12827,69687,103455,88378,0,101830,70895,93656,87.0,72.0
Haryana,Panipat,29.34352134146342,76.92895914634147,75,1205437,10024,62358,121846,209965,162321,0,206213,173502,153804,86.0,65.0
Haryana,Rewari,28.19164714828897,76.55956007604564,85,900332,5121,28215,62667,152651,108753,0,182606,199449,69305,90.0,71.0
Haryana,Rohtak,28.892517647058817,76.53123235294117,82,1061204,8482,36568,94633,193120,150160,0,216889,175203,131739,87.0,70.0
Haryana,Sirsa,29.63583446327684,74.90970480225988,79,1295189,6287,147042,70538,215527,150315,0,387381,245476,93316,90.0,60.0
Himachal Pradesh,Chamba,32.66741814595661,76.39354063116366,23,519080,1615,9193,21458,96082,62233,135500,111690,186395,13836,99.0,62.0
Himachal Pradesh,Hamirpur,31.67668481012659,76.49767088607594,28,454768,2521,8824,34978,104120,86324,3044,109256,196116,15232,110.0,79.0
Himachal Pradesh,Hamirpur,31.67668481012659,76.49767088607594,168,1104285,1196,181449,20175,55929,48564,474,241198,256081,55300,86.0,59.0
Uttar Pradesh,Hamirpur,25.738158381502892,79.82619479768789,28,454768,2521,8824,34978,104120,86324,3044,109256,196116,15232,110.0,79.0
Uttar Pradesh,Hamirpur,25.738158381502892,79.82619479768789,168,1104285,1196,181449,20175,55929,48564,474,241198,256081,55300,86.0,59.0
Himachal Pradesh,Kangra,32.14093603238864,76.41205910931173,24,1510075,8053,54849,148361,330081,272579,84564,319385,588321,39007,101.0,76.0
Himachal Pradesh,Kinnaur,31.60667184065933,78.51613736263741,34,84121,354,2537,10740,17865,12925,48746,14750,44514,0,82.0,72.0
Himachal Pradesh,Kullu,31.90911922077925,77.40922649350647,26,437903,2623,12372,40064,91322,66910,16822,122659,167995,20709,94.0,70.0
Himachal Pradesh,Mandi,31.635805940594054,76.96556930693067,27,999777,5333,15822,59324,214491,157314,12787,293739,431129,31696,101.0,72.0
Himachal Pradesh,Shimla,31.155725451807253,77.62573042168668,33,814010,9177,26114,108888,172754,131450,8755,215777,279269,95896,92.0,75.0
Himachal Pradesh,Sirmaur,30.682764453961443,77.43184689507493,32,529855,2220,10730,28904,91509,58902,11262,160745,171102,21054,92.0,68.0
Himachal Pradesh,Solan,31.03864311926604,76.94442140672783,31,580320,5250,10283,53722,119866,94692,25645,164536,192787,51509,88.0,74.0
Himachal Pradesh,Una,31.58330388349513,76.18353932038836,29,521173,2412,19604,43809,105929,88894,8601,115491,185091,20126,98.0,77.0
Jammu and Kashmir,Doda,33.359614675767915,76.07163720136518,16,409936,596,12199,7963,61831,19244,39216,53408,122267,11350,92.0,53.0
Jammu and Kashmir,Jammu,32.713199095022645,74.8477520361991,21,1529958,19905,36873,197168,294739,240478,69193,377991,254566,248043,88.0,74.0
Jammu and Kashmir,Kargil,33.565994894894914,76.63675315315312,4,140802,235,3763,3285,15824,8008,122336,18,40370,7774,81.0,61.0
Jammu and Kashmir,Kathua,32.51781678321678,75.58901398601404,7,616435,1443,21566,32772,109422,66944,53307,141224,181374,33473,89.0,63.0
Jammu and Kashmir,Pulwama,33.88414418604652,75.00921860465118,12,560440,1537,34080,16828,73629,45967,22607,402,147520,21703,91.0,52.0
Jammu and Kashmir,Punch,33.791241290322574,74.29593161290322,5,476835,346,31583,13160,62900,16022,176101,556,132139,15269,89.0,55.0
Jammu and Kashmir,Srinagar,34.27312898550724,75.11021159420288,10,1236829,16413,10408,138119,165403,152945,8935,1068,4518,257721,90.0,61.0
Jammu and Kashmir,Udhampur,33.04770670731707,75.15286951219511,19,554985,1214,11396,20008,73999,37323,56309,138569,148664,34696,87.0,58.0
Jharkhand,Bokaro,23.6814965034965,85.98398374125864,355,2062330,9754,126406,67157,274726,179570,255626,299227,250312,258452,92.0,62.0
Jharkhand,Chatra,24.11619945750453,84.93295804701627,347,1042886,590,188513,5307,27037,17627,45563,340553,200974,14528,95.0,49.0
Jharkhand,Deoghar,24.33070100755672,86.75697632241814,350,1492073,1944,209693,26760,130193,64890,180962,190036,257373,64337,93.0,53.0
Jharkhand,Dhanbad,23.854509090909097,86.40372924901185,354,2684487,11568,103488,83995,427173,290580,233119,437309,258764,405455,91.0,64.0
Jharkhand,Dumka,24.275006125574265,87.27662450229711,362,1321442,1193,303084,11836,62110,32443,571077,79614,303697,23281,98.0,51.0
Jharkhand,Garhwa,24.082114689265527,83.68664265536722,346,1322784,565,328673,6798,29373,21864,205874,319946,272872,19180,94.0,49.0
Jharkhand,Giridih,24.30578509874329,86.08710915619386,349,2445474,1944,362610,16909,125431,63911,238188,325493,452564,46886,94.0,51.0
Jharkhand,Godda,24.8189,87.2941735483871,351,1313551,874,307767,7421,43230,25764,279208,115567,276454,15576,94.0,46.0
Jharkhand,Gumla,23.078532948929148,84.55056787479396,366,1025213,831,97918,9108,31687,18701,706754,32459,216629,16445,99.0,55.0
Jharkhand,Jamtara,23.97873318077801,86.95325080091534,363,791042,808,135667,5564,49419,31194,240489,72885,165555,20113,95.0,54.0
Jharkhand,Latehar,23.72511185840708,84.48298743362837,359,726978,340,142729,2177,38194,10697,331096,154910,146377,14137,97.0,48.0
Jharkhand,Lohardaga,23.488796043165483,84.6605169064748,356,461790,351,80840,8016,28769,12504,262734,15330,96759,14725,99.0,56.0
Jharkhand,Pakur,24.57260428082189,87.69691969178076,353,900422,328,150028,5316,31414,16500,379054,28469,200588,16587,99.0,39.0
Jharkhand,Palamu,24.196925968109337,84.20310842824594,358,1939869,2155,380976,17270,68238,51012,181208,536382,355529,52375,93.0,53.0
Jharkhand,Ranchi,23.184235061391547,85.31781937244203,364,2914253,22538,267360,164237,350908,247137,1042016,152943,420740,310242,95.0,66.0
Jharkhand,Sahibganj,24.93667989690721,87.68264097938142,352,1150567,591,206902,11545,34879,24604,308343,72341,223450,37543,95.0,42.0
Jharkhand,Simdega,22.608760391198054,84.59193691931536,367,599578,423,90232,3472,16865,7606,424407,44674,144169,11114,100.0,57.0
Karnataka,Bagalkot,16.15860676328503,75.64526070853468,556,1889752,3745,303243,49345,301389,161280,97203,319149,324799,165858,99.0,59.0
Karnataka,Bangalore Rural,12.936827087794448,77.47369314775169,583,990923,3729,84108,77454,214253,156967,52903,213700,231052,95410,95.0,70.0
Karnataka,Belgaum,16.16107219152853,74.72329042357275,555,4779661,17560,649517,240742,808827,468274,297198,577418,962777,356198,97.0,64.0
Karnataka,Bellary,15.074377548209377,76.47228471074374,565,2452595,9626,406092,114040,440374,291101,451406,517409,371604,251876,98.0,58.0
Karnataka,Bidar,17.950361730769224,77.19459961538459,558,1703300,3971,280091,34924,271439,116314,235822,399785,287134,102269,96.0,61.0
Karnataka,Bijapur,16.84015316666667,75.95909166666665,417,255230,117,49859,1022,12516,4215,204189,10122,50449,7942,98.0,34.0
Karnataka,Bijapur,16.84015316666667,75.95909166666665,557,2177331,4987,351600,58890,326594,164015,39314,442773,396449,131041,96.0,57.0
Karnataka,Chikmagalur,13.425288289676422,75.67626502311249,570,1137961,4510,126600,74534,238505,169969,44970,253651,311660,80766,101.0,72.0
Karnataka,Chitradurga,14.29102220394736,76.57821957236843,566,1659456,5711,294337,60522,307257,174344,302554,389117,349704,97644,97.0,66.0
Karnataka,Davanagere,14.330414586709884,75.91723841166937,567,1945497,7320,295873,100812,372671,256051,233112,392595,354680,176011,97.0,67.0
Karnataka,Dharwad,15.343831376975173,75.13831264108359,562,1847023,15013,207642,140584,347962,233604,87548,177855,199707,283397,97.0,70.0
Karnataka,Gadag,15.507128256880746,75.64861302752298,561,1064570,3373,200310,31959,198064,104708,61654,174196,180066,111906,98.0,66.0
Karnataka,Gulbarga,17.070459515951594,76.87503850385033,579,2566326,9752,415267,77334,404767,222126,65259,648782,400704,199303,97.0,56.0
Karnataka,Hassan,12.945098749999998,76.11049549999997,574,1776421,4851,165910,90599,400702,272295,32329,345031,496103,132878,101.0,69.0
Karnataka,Haveri,14.737582809224318,75.3961230607966,564,1597668,2456,311263,41517,295937,155076,141380,219976,315076,98488,95.0,68.0
Karnataka,Kodagu,12.39684468085106,75.79336595744688,576,554519,3308,15153,40958,113931,83016,58054,73584,181182,31792,102.0,74.0
Karnataka,Kolar,13.312799881235172,78.01376947743476,581,1536401,5051,201233,72407,309494,209698,78875,465867,326567,151042,98.0,66.0
Karnataka,Koppal,15.651253271028034,76.1617048598131,560,1389920,2135,273016,31673,223166,113995,164271,258608,272968,64681,99.0,58.0
Karnataka,Mandya,12.574901806239744,76.81570098522172,573,1805769,3367,216159,80452,391033,236020,22402,265294,458867,103435,100.0,64.0
Karnataka,Mysore,12.248100259403367,76.52881802853437,577,3001127,28397,311002,273706,640868,441131,334547,536643,540596,380386,99.0,65.0
Karnataka,Raichur,16.050795353982295,76.87368606194688,559,1928812,5200,383526,51443,314547,162411,367071,400933,330446,125402,100.0,51.0
Karnataka,Shimoga,14.063845885634592,75.17882078103197,568,1752753,8791,246464,128087,363835,259899,65412,308158,352444,201662,100.0,72.0
Karnataka,Tumkur,13.592467760074973,77.02297966260545,571,2678980,7971,352286,116539,562769,321848,209559,506901,685443,204799,98.0,68.0
Karnataka,Udupi,13.450404228534568,74.72009990316337,569,1177361,9070,63390,83810,224814,173033,52897,75429,269817,115572,109.0,79.0
Kerala,Alappuzha,9.542602965599087,76.38010796263319,598,2127789,28842,71706,274392,507913,425707,6574,201211,331419,392117,110.0,87.0
Kerala,Ernakulam,10.004879301987431,76.26957729035381,595,3282388,88737,71391,499291,771287,696129,16559,268411,369694,804997,103.0,87.0
Kerala,Idukki,9.80480963855423,77.04586641566264,596,1108974,8250,145698,54626,244844,207519,55815,145486,391610,20823,101.0,83.0
Kerala,Kannur,11.941523076923056,75.35209891725934,589,2523003,32653,82988,115356,511167,423337,41371,83350,306288,566191,114.0,85.0
Kerala,Kasaragod,12.33310309912974,75.07768497134369,588,1307375,10378,38774,74092,237670,179664,48857,53283,251641,166164,108.0,79.0
Kerala,Kollam,8.929388820570157,76.6360775852431,600,2635375,31542,92193,263148,630767,525754,10761,328263,523715,401415,111.0,85.0
Kerala,Kottayam,9.643701174068417,76.46059673302705,597,1974551,37849,63052,187213,464039,406922,21972,153909,481967,196194,104.0,89.0
Kerala,Kozhikode,11.392924270557026,75.71158720159153,591,3086293,36791,64198,145558,641660,490719,15228,199191,323793,666543,110.0,85.0
Kerala,Malappuram,10.97329875666072,75.93910775606876,592,4112920,27909,117405,139994,730119,485406,22990,308266,634543,522586,110.0,81.0
Kerala,Palakkad,10.784926903553291,76.49980490693744,593,2809934,27162,249949,178386,587583,447169,48972,403833,665899,228442,107.0,80.0
Kerala,Thiruvananthapuram,8.537101759082221,76.88711502868073,601,3301427,71621,94470,343590,783872,658734,26759,372977,559293,609824,109.0,84.0
Kerala,Thrissur,10.458932647907687,76.12321940836945,594,3121200,56148,73941,338350,721625,616644,9430,324350,336748,715119,111.0,86.0
Kerala,Wayanad,11.715277464788736,76.07587007042254,590,817420,4712,101630,23028,149864,109972,151443,32578,266183,11805,103.0,79.0
Madhya Pradesh,Anuppur,23.18184220430107,81.86560000000007,461,749237,1290,130376,23388,81338,41067,358543,74385,147388,60325,98.0,58.0
Madhya Pradesh,Ashoknagar,24.63098846153845,77.82974493927134,459,845071,619,122387,15886,84720,42898,82072,175764,169606,37135,90.0,56.0
Madhya Pradesh,Balaghat,21.80020720640569,80.42170053380796,457,1701698,1712,459796,27283,277927,82475,383026,125426,400074,70793,102.0,67.0
Madhya Pradesh,Barwani,21.702135714285724,74.91004719710673,441,1385881,1158,267196,30115,181139,48847,962145,87991,250358,48912,98.0,40.0
Madhya Pradesh,Betul,21.964626315789477,77.7873428189117,447,1575362,2109,358157,45270,230974,94586,667018,159296,318945,87704,97.0,60.0
Madhya Pradesh,Bhind,26.35951126187245,78.7618324287653,420,1703005,1166,158266,32268,107819,75539,6131,374799,271211,88385,84.0,64.0
Madhya Pradesh,Bhopal,23.480726143790854,77.39246623093679,444,2371061,40788,105195,281442,452912,339750,69429,357516,118893,581826,92.0,70.0
Madhya Pradesh,Burhanpur,21.364567254408065,76.24460478589425,467,757847,986,156295,40478,112420,58527,230095,64254,115979,62861,95.0,54.0
Madhya Pradesh,Chhatarpur,24.813637376460004,79.56449299191374,425,1762375,1880,238364,36506,176056,82967,73597,405313,375869,95048,88.0,54.0
Madhya Pradesh,Chhindwara,22.227966971713823,78.76413136439254,455,2090922,3588,422668,73284,344875,138316,769778,232244,413142,140802,96.0,62.0
Madhya Pradesh,Damoh,23.76624407960196,79.47049303482588,428,1264219,1432,250165,23270,187731,66044,166295,246337,303387,66514,91.0,59.0
Madhya Pradesh,Datia,25.90226439560441,78.63916571428574,422,786754,616,93744,17555,97696,55966,15061,200270,160453,43401,87.0,62.0
Madhya Pradesh,Dewas,22.7851110021322,76.46088805970157,437,1563715,3518,310606,59521,270457,124826,272701,292007,274995,101014,94.0,59.0
Madhya Pradesh,Dhar,22.572681718963157,75.1105620736698,438,2185793,2388,437437,75637,349639,123750,1222814,145436,412348,103364,96.0,49.0
Madhya Pradesh,Dindori,22.83738437047757,81.04332966714911,453,704524,554,190962,4576,62372,13765,455789,39782,218021,9774,100.0,54.0
Madhya Pradesh,Guna,24.49043927178156,77.2235895968791,458,1241519,2482,175615,34184,144248,80642,190819,193115,212765,72320,91.0,53.0
Madhya Pradesh,Gwalior,26.04074441964285,78.12782433035713,421,2032036,15779,120348,165061,306859,232840,72133,393068,172720,272172,86.0,67.0
Madhya Pradesh,Harda,22.227659781121783,77.07022571819435,448,570465,986,101256,22174,95066,45661,159678,92865,112714,31845,93.0,62.0
Madhya Pradesh,Hoshangabad,22.595268801996703,78.02168094841929,449,1241350,2871,181967,61415,198076,112371,197300,205007,209650,105746,91.0,65.0
Madhya Pradesh,Indore,22.680265752128648,75.9133801324502,439,3276697,48691,185528,417170,593576,464337,217679,545239,200371,587947,93.0,70.0
Madhya Pradesh,Jabalpur,23.18525572327043,79.98328754716981,451,2463289,20443,283636,192581,452023,285248,375231,348029,272284,352477,93.0,71.0
Madhya Pradesh,Jhabua,22.419578015397768,74.40921616766468,464,1025048,744,115649,16683,125411,22470,891818,17427,211080,24713,99.0,34.0
Madhya Pradesh,Katni,23.724416229116937,80.33819665871127,450,1292042,2179,223902,38086,172416,76207,317699,155717,276151,72880,95.0,61.0
Madhya Pradesh,Mandla,22.70348712446353,80.38600543633753,454,1054905,912,318909,18413,143803,40591,610528,48425,279674,37258,101.0,57.0
Madhya Pradesh,Mandsaur,24.19278764044944,75.43588667736759,433,1340411,2324,266350,47723,239885,109904,33092,249024,302287,81832,96.0,62.0
Madhya Pradesh,Morena,26.37313504531724,77.88447341389724,419,1965970,1781,148222,45113,131486,89156,17030,421519,319298,95288,84.0,60.0
Madhya Pradesh,Neemuch,24.70311893333336,75.06608186666664,432,826067,1945,136330,34666,145258,73279,71441,111162,174235,67962,95.0,62.0
Madhya Pradesh,Panna,24.451325840092657,80.21133001158752,426,1016520,653,198847,13285,76097,30800,170879,207990,256744,32179,91.0,54.0
Madhya Pradesh,Raisen,23.292518206521724,78.16305495923909,446,1331597,1141,228151,34499,194373,87258,205006,225891,251272,74441,90.0,62.0
Madhya Pradesh,Rajgarh,23.785499026425583,76.66431223922116,442,1545814,1611,330820,30688,231130,76942,53751,295718,331894,69823,96.0,52.0
Madhya Pradesh,Ratlam,23.503562290502792,75.14895782122909,434,1455069,3644,305946,67830,213825,107463,409865,198612,266716,107151,97.0,57.0
Madhya Pradesh,Rewa,24.861184625158856,81.57572465057183,430,2365106,3406,463506,45180,251132,109351,311985,383508,523910,94489,93.0,61.0
Madhya Pradesh,Sagar,23.800318709677374,78.71940357771273,427,2378458,4546,378560,68482,366494,160622,221936,501630,448408,165507,89.0,65.0
Madhya Pradesh,Satna,24.62777621776502,80.75547048710598,429,2228935,3754,371584,55196,294702,117176,319975,398569,461831,114173,93.0,62.0
Madhya Pradesh,Sehore,22.9297199679658,77.06780202883085,445,1311332,1566,227026,30868,212138,100011,145512,271281,270427,59220,92.0,60.0
Madhya Pradesh,Seoni,22.33230487804874,79.66053863928111,456,1379131,1182,376404,26893,228695,66919,519856,130797,335045,47542,98.0,63.0
Madhya Pradesh,Shahdol,23.44859864559819,81.4596831828442,460,1066063,1733,258991,24255,113184,45685,476008,89733,233594,57846,97.0,57.0
Madhya Pradesh,Shajapur,23.566620317220547,76.33555181268885,436,1512681,1382,303157,32204,232735,88946,37836,353914,312611,73997,94.0,59.0
Madhya Pradesh,Sheopur,25.78014810996563,77.16911116838484,418,687861,273,115261,11701,74770,29266,161448,108391,150146,26376,90.0,48.0
Madhya Pradesh,Shivpuri,25.37802451874367,77.74861600810549,423,1726050,1852,220440,35706,148128,71501,227802,321515,367859,66759,88.0,52.0
Madhya Pradesh,Sidhi,24.17547189952905,82.1053783359498,462,1127033,837,262030,9569,102228,26502,313304,130202,250953,25916,96.0,53.0
Madhya Pradesh,Tikamgarh,25.14099852104666,78.89357064846428,424,1445166,1090,223852,21489,132725,62828,67857,361604,322772,60220,90.0,52.0
Madhya Pradesh,Ujjain,23.319288862745065,75.80383717647058,435,1986864,7501,302003,123526,323379,181659,48730,523869,300765,188684,96.0,62.0
Madhya Pradesh,Umaria,23.59601063063061,80.90879477477475,431,644758,839,145690,12713,67975,22502,300687,58147,138100,29966,95.0,55.0
Madhya Pradesh,Vidisha,23.82838307984792,77.9013507604563,443,1458875,1926,228308,41617,181510,96565,67603,292144,292579,83830,90.0,59.0
Maharashtra,Akola,20.746310479041902,77.12122320359276,501,1813906,6163,388521,107463,314490,176674,100280,364059,308158,196077,95.0,78.0
Maharashtra,Amravati,21.16520991810736,77.67583503184723,503,2888445,9438,667943,175917,512492,302188,404128,506374,508921,272894,95.0,78.0
Maharashtra,Bhandara,21.211792649727748,80.10950199637024,506,1200334,2932,312183,55948,227025,117299,88886,200372,283843,72575,98.0,75.0
Maharashtra,Bid,18.952353340080982,75.69319706477731,523,2585049,5614,373566,82098,402052,205352,32722,351254,563114,135457,92.0,66.0
Maharashtra,Buldana,20.56680611183355,76.39017880364096,500,2586258,4767,603227,103898,423036,225282,124837,470895,575405,152787,93.0,73.0
Maharashtra,Chandrapur,20.095609090909075,79.31556380471388,509,2204307,8239,473983,172661,418666,229635,389441,348365,451324,233331,96.0,72.0
Maharashtra,Dhule,21.274018690400517,74.58719071837263,498,2050862,6065,429536,126138,315332,174524,647315,127571,382777,146013,95.0,63.0
Maharashtra,Gondiya,21.225008411214997,80.17522698598128,507,1322507,2866,281414,38044,239981,104997,214253,175961,319702,66813,100.0,76.0
Maharashtra,Hingoli,19.59525302245251,77.09239412780653,512,1177345,1221,226483,27700,159114,73640,111954,182565,242456,41913,94.0,67.0
Maharashtra,Jalgaon,20.8828943415638,75.55140421810695,499,4229917,14297,937174,350029,720791,431221,604367,389273,796223,373565,92.0,68.0
Maharashtra,Jalna,19.984612534818933,75.98473607242339,514,1959046,3791,300937,60219,288895,158182,42263,272266,404746,98084,94.0,61.0
Maharashtra,Kolhapur,16.44881301587301,74.12897150793648,530,3876001,22269,266028,340318,770005,507573,30206,504461,796496,382818,96.0,73.0
Maharashtra,Latur,18.348687268993856,76.75812607802874,524,2454196,6217,416578,96018,381722,190739,57488,480913,428616,157016,93.0,67.0
Maharashtra,Nagpur,21.196556862745105,79.02166176470584,505,4653570,57964,423587,599780,917626,728714,437571,867713,430844,877522,95.0,79.0
Maharashtra,Nanded,19.209316983017,77.6829048951049,511,3361292,7548,632395,116284,488748,216364,281695,640483,591119,230563,94.0,65.0
Maharashtra,Nandurbar,21.523175625248147,74.32638757443429,497,1648295,2579,438176,54335,186202,83144,1141933,47985,333440,71572,98.0,55.0
Maharashtra,Nashik,20.266912871287143,74.03824168316828,516,6107187,45039,730228,536781,904710,630639,1564369,554687,904661,764271,93.0,71.0
Maharashtra,Osmanabad,18.19459456066944,75.99495575313809,525,1657576,3209,299525,49180,240042,117741,36039,265184,367158,77832,92.0,69.0
Maharashtra,Parbhani,19.31032425249168,76.70163338870431,513,1836086,3982,317806,59272,272486,135933,40514,247308,293480,133759,95.0,63.0
Maharashtra,Pune,18.51696171428573,74.12922881632647,521,9429408,235018,414461,1410448,1925019,1555272,348876,1180703,1165718,2056739,91.0,76.0
Maharashtra,Ratnagiri,17.210195070127703,73.25725893866404,528,1615069,7752,153117,100860,367352,163470,20374,66948,538538,100824,112.0,74.0
Maharashtra,Sangli,17.154930181086502,74.70713822937628,531,2822143,13212,290693,227034,485126,310230,18333,353093,626872,226801,97.0,73.0
Maharashtra,Satara,17.6737908974359,74.18052064102558,527,3003741,14093,297241,271186,562653,374085,29635,323236,774522,200949,99.0,74.0
Maharashtra,Sindhudurg,16.170948049777163,73.51329008172343,529,849651,3517,81816,42540,194228,98475,6976,55586,295847,44989,104.0,78.0
Maharashtra,Solapur,17.837357937584812,75.42394823609216,526,4317756,15145,558334,248255,595560,376000,77592,649745,779929,376302,94.0,67.0
Maharashtra,Thane,19.698767747440264,72.79882742564581,517,11060148,256170,418004,1610460,2231800,1741244,1542451,730089,713994,2904157,89.0,74.0
Maharashtra,Wardha,20.80743024390242,78.57259105691062,504,1300774,4313,282170,114029,266155,170620,149507,188830,268486,120218,95.0,78.0
Maharashtra,Washim,20.282282394366213,77.25502394366208,502,1197160,1875,310195,36840,196022,97022,80471,229462,274925,55921,93.0,73.0
Maharashtra,Yavatmal,20.04258346738159,78.05326371760479,510,2772348,6094,739718,134500,446516,245261,514057,328518,629243,168889,95.0,73.0
Manipur,Bishnupur,24.50712111801243,93.8246236024845,275,237399,676,15109,11393,34364,23140,3287,22113,34977,21172,100.0,66.0
Manipur,Chandel,24.2635812987013,94.09443844155844,280,144182,184,8315,1424,18764,8319,128280,540,30377,3783,93.0,63.0
Manipur,Churachandpur,24.30309718875504,93.38671506024085,274,274143,837,8282,13371,29894,17498,254787,443,52972,4853,97.0,71.0
Manipur,Senapati,25.08465586034914,94.03366234413956,272,479148,256,30369,2430,22798,9623,419210,1000,38008,1826,94.0,55.0
Manipur,Tamenglong,24.98312942238265,93.49450740072204,273,140651,125,1924,1229,11541,5233,134626,22,23982,4119,94.0,60.0
Manipur,Thoubal,24.545392553191498,93.97959893617023,276,422168,880,33106,15994,49507,34893,1808,40593,65961,38302,100.0,64.0
Manipur,Ukhrul,25.05900314960629,94.44129566929138,279,183998,276,3852,1659,14026,7360,173606,248,36084,5806,94.0,71.0
Meghalaya,East Garo Hills,25.82728228228228,90.64684924924916,294,317917,288,19246,1839,24550,15115,305180,509,62698,11518,97.0,60.0
Meghalaya,East Khasi Hills,25.303763888888884,91.75922519841272,298,825922,5032,40889,41496,135941,79933,661158,5642,106248,108843,101.0,70.0
Meghalaya,Jaintia Hills,25.33959557069844,92.37608160136298,299,395124,510,35766,7150,41677,17352,376099,1317,76546,7171,101.0,47.0
Meghalaya,South Garo Hills,25.240568578553614,90.64560349127176,295,142334,179,5565,482,10940,6721,134237,319,35930,3713,95.0,58.0
Meghalaya,West Garo Hills,25.495285185185185,90.03709947089942,293,643291,1630,39725,10006,51301,35051,474009,8810,139351,18594,98.0,56.0
Meghalaya,West Khasi Hills,25.500889926739926,91.25364542124538,296,383461,149,37184,476,32873,12548,375097,168,74832,12299,98.0,60.0
Mizoram,Aizawl,23.90781335453101,92.85359459459472,283,400309,4019,11434,64710,79804,59257,373542,627,20570,80341,101.0,85.0
Mizoram,Champhai,23.54166580976866,93.24221799485862,284,125745,186,5823,9115,23948,13445,123466,17,18395,12717,98.0,80.0
Mizoram,Kolasib,24.2020004347826,92.73470391304348,282,83955,367,5921,8787,14853,8392,73609,84,9669,12507,96.0,78.0
Mizoram,Lawngtlai,22.36102843137253,92.66964156862753,287,117894,162,3153,5213,9283,6657,112354,146,21993,5273,95.0,53.0
Mizoram,Lunglei,23.007717036172675,92.63512555425892,286,161428,482,10662,14037,26394,15871,153533,178,21479,17315,95.0,75.0
Mizoram,Mamit,23.73852942502819,92.4330803833147,281,86364,90,2553,4010,12158,6263,82080,51,16726,4129,93.0,70.0
Mizoram,Saiha,22.35744801061008,93.02827931034489,288,56574,168,957,4783,7400,4797,54642,83,7043,5784,98.0,75.0
Mizoram,Serchhip,23.263864705882344,92.914158496732,285,64937,131,1284,5511,12315,7043,62889,32,7472,8018,98.0,84.0
Nagaland,Dimapur,25.814176811594223,93.75074057971014,265,378811,3303,8990,42378,71413,50453,223989,0,49116,62853,92.0,73.0
Nagaland,Kohima,25.60311428571428,93.78600657596373,270,267988,1928,2198,20712,50724,29077,224738,0,31845,44255,93.0,74.0
Nagaland,Mokokchung,26.478911764705888,94.522426006192,262,194622,537,9166,7236,40154,20192,178431,0,37536,17742,93.0,82.0
Nagaland,Mon,26.69207374301676,95.03072988826828,261,250260,178,10836,1080,14398,5647,238285,0,43607,7415,90.0,48.0
Nagaland,Phek,25.63272986577182,94.56814563758392,266,163418,170,3159,2073,36182,9553,157146,0,38903,7295,95.0,65.0
Nagaland,Tuensang,26.21104453280316,94.85809880715708,267,196596,155,3913,773,24998,7687,190916,0,40690,9451,93.0,60.0
Nagaland,Wokha,26.202611551155112,94.1990815181518,264,166343,198,6438,3228,25268,10923,156621,0,38499,8170,97.0,77.0
Nagaland,Zunheboto,26.028178205128206,94.50026666666668,263,140757,261,11955,1433,28846,9954,136561,0,31267,6044,98.0,73.0
Orissa,Baleshwar,21.48570932311624,87.08085828011933,377,2320529,7370,358214,36478,296834,161266,275678,478586,601154,82440,96.0,70.0
Orissa,Bhadrak,20.95262735257214,86.81496204516931,378,1506337,2637,151377,15864,164636,86821,30428,334896,373862,54244,98.0,73.0
Orissa,Cuttack,20.407640646029623,85.7776810228802,381,2624470,15046,248298,103177,349587,236867,93745,498633,579529,210768,94.0,77.0
Orissa,Dhenkanal,20.79887159353349,85.53226836027711,383,1192811,1810,163636,19846,117172,66148,162056,234079,315390,36979,95.0,70.0
Orissa,Gajapati,19.121080882352945,84.14015091911759,389,577817,635,153199,12035,63112,23672,313714,39175,152095,23050,104.0,45.0
Orissa,Ganjam,19.2632617564534,84.80297710437702,388,3529031,9049,565448,120191,405298,257515,118928,688235,795476,219918,98.0,63.0
Orissa,Jharsuguda,21.827058566978184,83.93581682242987,371,579505,2498,56809,18950,81433,57831,176758,104620,103224,73962,95.0,70.0
Orissa,Kalahandi,19.784253092783523,83.1124043814433,395,1576869,1953,436733,17610,91171,58571,449456,286580,456336,38412,100.0,51.0
Orissa,Kandhamal,20.092878624813142,84.02216352765326,390,733110,768,162932,6938,28736,19477,392820,115544,218446,24489,104.0,55.0
Orissa,Kendrapara,20.606319815982264,86.83763247572003,379,1440361,1628,143864,15879,173107,96234,9484,309780,414749,23494,101.0,76.0
Orissa,Khordha,20.054162322274863,85.52234834123229,386,2251673,35701,116274,160277,349860,253754,115051,297472,331834,356895,93.0,78.0
Orissa,Koraput,18.82627794779476,82.81278469846964,398,1379647,3988,290626,39631,85766,60021,697583,196540,381789,78339,103.0,41.0
Orissa,Malkangiri,18.25227930367506,81.98293636363628,399,613192,448,106353,4738,24604,16397,354614,138295,167884,15839,102.0,40.0
Orissa,Mayurbhanj,21.897621545157754,86.4030408052231,376,2519738,2950,568755,29031,140189,83167,1479576,184682,689110,64479,101.0,54.0
Orissa,Nayagarh,20.192895622119817,85.05614700460825,385,962789,1163,120129,11159,124984,50425,58691,136399,261646,26688,92.0,71.0
Orissa,Nuapada,20.471309512195116,82.59152536585364,394,610382,757,149834,6414,43976,21975,206327,82159,197258,11869,102.0,49.0
Orissa,Puri,19.83509174603177,85.86698989898981,387,1698730,3416,163942,33331,201605,118112,6129,325133,402014,72210,96.0,76.0
Orissa,Rayagada,19.292840020060204,83.45860120361095,396,967911,1553,248175,24924,61543,42998,541905,139514,237343,49205,105.0,42.0
Orissa,Sambalpur,21.515752380952385,84.34958483245157,372,1041099,5231,160798,33612,126498,91058,355261,191827,220697,94798,98.0,68.0
Orissa,Sundargarh,22.06354819277107,84.50524819277099,374,2093437,12787,253327,77581,223537,164585,1062349,191660,387911,230151,97.0,64.0
Puducherry,Karaikal,10.876161726078813,79.82369793621002,637,200222,1868,13077,28366,47880,38869,0,35348,35618,33715,105.0,77.0
Puducherry,Mahe,12.006420793787758,75.28275021570326,636,41816,574,82,3632,7150,6488,0,144,0,12110,118.0,87.0
Puducherry,Yanam,16.707695652173904,82.26187304347832,634,55626,207,3324,10399,12859,7393,0,8427,0,15519,104.0,71.0
Punjab,Amritsar,31.548679820627772,74.79883856502238,49,2490656,29961,121599,279993,461231,413460,0,770864,275477,385476,89.0,68.0
Punjab,Bathinda,30.190524611973352,75.05685898004438,46,1388525,11284,128382,118427,255650,204051,0,450473,218159,137563,87.0,61.0
Punjab,Faridkot,30.591187250996025,74.79751553784862,45,617508,4348,54058,62103,113549,93053,0,240328,99946,58917,89.0,62.0
Punjab,Fatehgarh Sahib,30.64290947368421,76.36208394736842,40,600163,5138,21389,64037,113683,98080,0,192493,117559,57337,87.0,71.0
Punjab,Firozpur,30.63407535211269,74.40245732394365,43,2029074,10042,227971,141899,349662,277615,0,855726,348522,153868,89.0,60.0
Punjab,Gurdaspur,32.04283371212125,75.3204064393939,35,2298323,14428,100684,244468,411216,365644,0,580576,420860,185488,90.0,71.0
Punjab,Hoshiarpur,31.55157169811319,75.8469857442349,38,1586625,13747,74362,201675,319930,285904,0,557504,422673,128592,96.0,76.0
Punjab,Jalandhar,31.250336907216507,75.54400350515463,37,2193590,39082,66664,299449,446200,401189,0,854444,330339,377791,92.0,74.0
Punjab,Kapurthala,31.336592638036837,75.47641165644177,36,815168,9732,42387,110555,161206,144945,0,276707,165433,95770,91.0,71.0
Punjab,Ludhiana,30.76596397379912,75.83110851528383,41,3498739,58589,98646,488757,703624,604959,0,923358,395032,641789,87.0,73.0
Punjab,Mansa,29.919547714285724,75.4304922857143,47,769751,2673,90367,39414,140099,102314,0,258878,145603,50786,88.0,55.0
Punjab,Moga,30.756540067340065,75.1600845117845,42,995746,7897,82397,89445,183396,152610,0,363417,214295,74144,89.0,63.0
Punjab,Muktsar,30.31243303303303,74.5518747747748,44,901896,4571,111014,76441,166585,130482,0,381554,149507,74650,90.0,58.0
Punjab,Patiala,30.214540380693364,76.27505893949697,48,1895686,24274,89123,209192,352929,308440,0,465359,299279,218090,89.0,67.0
Punjab,Rupnagar,30.910937330754347,76.53743500967126,51,684627,6600,21520,67749,129123,111937,0,180905,148162,60537,92.0,73.0
Punjab,Sangrur,30.185045204336895,75.89437014178496,53,1655169,10736,91799,135280,305557,244837,0,461609,292156,156788,89.0,61.0
Rajasthan,Ajmer,26.199300378787903,74.6990419191919,119,2583052,13499,145523,171799,393498,250461,63482,478027,409335,274919,95.0,59.0
Rajasthan,Alwar,27.55271738035265,76.65359630562563,104,3674179,9750,216772,123478,485723,258862,289249,653036,782294,212967,89.0,59.0
Rajasthan,Banswara,23.453642032967014,74.44246868131869,125,1797485,2324,199370,34189,120603,48693,1372999,80091,390437,39407,98.0,46.0
Rajasthan,Baran,24.98023243243244,76.86210651828291,128,1222755,1363,185037,32685,161310,88344,276857,221184,249184,69804,93.0,57.0
Rajasthan,Barmer,25.77070908045978,71.50297126436782,115,2603751,2766,132696,39580,126494,52926,176257,436414,542825,55980,90.0,46.0
Rajasthan,Bharatpur,27.32411858037578,77.21752077244258,105,2548462,4179,238894,61113,288723,160190,54090,557305,479437,129697,88.0,58.0
Rajasthan,Bhilwara,25.45119767759564,74.63947595628417,122,2408523,6207,163052,93768,373644,175393,229273,407947,530015,145865,97.0,52.0
Rajasthan,Bikaner,28.12489068322981,73.26943322981371,101,2363937,7607,103833,108812,220793,138480,7779,493646,335754,196179,91.0,54.0
Rajasthan,Bundi,25.48580716049379,75.79984074074079,121,1110906,1392,111388,33406,136969,78692,228549,210788,239836,63452,92.0,53.0
Rajasthan,Chittaurgarh,24.631623761665463,74.80010997846382,126,1544338,4941,123469,59190,268172,119801,201546,250224,366780,88873,97.0,53.0
Rajasthan,Churu,28.29330375536484,74.65846427038629,102,2039547,2577,87983,74197,231696,131174,11245,451721,344897,148996,94.0,56.0
Rajasthan,Dausa,26.91234817629181,76.57342097264443,109,1634409,1719,76277,35600,195277,82113,433344,354337,361084,59610,91.0,57.0
Rajasthan,Dhaulpur,26.72397054945053,77.74476219780222,106,1206516,1330,74342,24561,96086,51423,58594,245695,214670,58626,85.0,57.0
Rajasthan,Dungarpur,23.75104807692308,73.84765641025645,124,1388552,1477,184330,26351,141275,46510,983437,52267,322816,31547,99.0,49.0
Rajasthan,Ganganagar,29.256785412667963,73.56192303262948,99,1969168,6295,230438,88543,283142,181616,13477,720412,397697,164897,89.0,61.0
Rajasthan,Hanumangarh,29.1813351791531,74.74632573289902,100,1774692,3360,166833,55515,243163,140280,14289,494189,389059,108694,91.0,58.0
Rajasthan,Jaipur,27.033459290187885,75.77117286012533,110,6626178,76565,131523,570997,990085,764302,527966,1003302,754841,977838,91.0,65.0
Rajasthan,Jaisalmer,26.86900838548185,71.18371877346682,114,669919,754,43872,12431,43141,19388,42429,99134,159117,30830,85.0,46.0
Rajasthan,Jalor,25.07578093797277,72.18647261724662,116,1828730,1585,158013,39745,161845,54245,178719,357196,419216,48202,95.0,45.0
Rajasthan,Jhalawar,24.24725541474657,76.11242891705065,129,1411129,1750,209772,38909,220428,96225,182229,243582,298624,63763,95.0,52.0
Rajasthan,Jhunjhunun,28.13517401247401,75.52840893970894,103,2137045,4828,68878,131987,297559,189511,41629,360709,500452,150357,95.0,64.0
Rajasthan,Jodhpur,26.678460838536967,73.00450847457628,113,3687165,19335,242017,197135,408808,246002,118924,608024,584215,307442,92.0,55.0
Rajasthan,Karauli,26.51901555555556,76.96081818181815,107,1458248,1059,115367,28296,132079,49752,324960,354465,305047,59308,86.0,55.0
Rajasthan,Kota,25.175718080000014,76.18618928000001,127,1951014,12843,134992,165563,339899,236764,183816,405408,203454,311735,91.0,67.0
Rajasthan,Nagaur,27.07862016048146,74.14215667001012,112,3307743,4449,263401,97267,347344,184518,10418,699911,675712,166489,95.0,53.0
Rajasthan,Pali,25.80490393541874,73.55285640766907,118,2037573,4043,237280,94821,326793,154761,144578,398096,512909,139808,99.0,53.0
Rajasthan,Rajsamand,25.24894767441859,73.96570215946844,123,1156597,1989,106587,36073,193276,80267,160809,148168,304622,61054,99.0,54.0
Rajasthan,Sawai Madhopur,26.251081180223288,76.4219283891548,108,1335551,1887,88804,40116,140947,61935,285848,278789,282057,71264,90.0,56.0
Rajasthan,Sikar,27.64644058641976,75.29317422839503,111,2677333,5647,87889,131342,339457,218772,75349,418806,527560,178274,95.0,62.0
Rajasthan,Sirohi,24.7976905263158,72.75309131578943,117,1036346,2146,97823,47182,134089,65197,292470,201863,238535,69639,94.0,46.0
Rajasthan,Tonk,26.153935071707927,75.79192216427637,120,1421326,1908,113426,32359,158264,83447,178207,287903,298911,81755,95.0,53.0
Rajasthan,Udaipur,24.44076752136749,73.84029839743584,130,3068420,14211,302968,128320,357846,180282,1525289,188525,665449,182769,96.0,52.0
Sikkim,East,27.29600352941175,88.74908392156858,93,1709346,80037,3094,327253,352758,320151,0,281422,1086,461132,88.0,79.0
Tamil Nadu,Ariyalur,11.190514836795256,79.22249643916912,616,754894,1749,166837,39642,177502,165150,10722,176230,223955,30322,101.0,64.0
Tamil Nadu,Chennai,13.058098905608748,80.28139151846806,603,4646732,217368,13674,910262,1096334,1055696,10061,779667,0,1314125,99.0,81.0
Tamil Nadu,Coimbatore,10.871376995940452,77.07619012178621,632,3458045,63273,230026,675153,896325,841918,28342,535911,284795,884957,100.0,76.0
Tamil Nadu,Cuddalore,11.57587300613498,79.63002365371497,617,2605914,15396,539412,244610,598412,555029,15702,763944,497429,260780,99.0,70.0
Tamil Nadu,Dharmapuri,12.300141200000006,78.11509813333339,630,1506843,3651,267345,104785,337972,310765,63044,245392,396819,91107,95.0,61.0
Tamil Nadu,Dindigul,10.377801390820574,77.78011279554937,612,2159775,9155,467959,209640,500057,458486,8064,452376,443818,269724,100.0,69.0
Tamil Nadu,Erode,11.267012155963302,77.42034334862392,610,2251744,18604,370212,371015,595211,557479,21880,369483,411286,432398,99.0,66.0
Tamil Nadu,Kancheepuram,12.496424756511884,80.08820360135913,604,3998252,100322,272514,622095,961161,904619,41210,948081,438799,774705,99.0,75.0
Tamil Nadu,Kanniyakumari,8.183466300191206,77.32053064053538,629,1870374,15673,72867,199188,465692,438938,7282,74249,104253,493788,102.0,83.0
Tamil Nadu,Karur,10.79532776617955,78.08749686847604,613,1064493,4915,200837,135831,264949,250010,575,221385,212241,152420,102.0,68.0
Tamil Nadu,Madurai,9.904313833333331,78.01366033333332,623,3038252,34097,372828,391821,754141,708942,11096,408976,417718,592723,99.0,75.0
Tamil Nadu,Nagapattinam,10.789468161718286,79.79437299431483,618,1616450,5585,345057,143846,381940,362211,3756,509767,399016,118724,103.0,75.0
Tamil Nadu,Namakkal,11.33766638477801,78.14624841437633,609,1726601,8960,253726,265276,441044,418420,57059,345392,370357,257127,99.0,68.0
Tamil Nadu,Perambalur,11.260137758112096,78.86034011799416,615,565223,1507,118278,49390,135751,125953,2584,175289,155413,33179,100.0,66.0
Tamil Nadu,Pudukkottai,10.130514816433578,79.05444484265728,621,1618345,4494,305149,82967,354493,324444,1283,284804,399712,104229,101.0,69.0
Tamil Nadu,Ramanathapuram,9.31286995153476,78.99185362412462,626,1353445,5172,153874,100484,291400,284169,1105,249008,290478,126761,98.0,72.0
Tamil Nadu,Salem,11.629324202127655,78.2478257978723,608,3482056,20660,454210,448968,835377,749932,119369,580512,572813,597539,95.0,66.0
Tamil Nadu,Sivaganga,9.960306580645158,78.56535729032255,622,1339101,5773,199563,113822,314270,304124,790,227746,309224,143193,100.0,72.0
Tamil Nadu,Thanjavur,10.387692255892237,79.3194869107745,620,2405890,13495,415361,223044,555582,522490,3561,455062,479070,274302,103.0,74.0
Tamil Nadu,Theni,9.924066666666668,77.43458833333332,624,1245899,4667,315161,147529,312310,291879,1835,258200,189328,221295,99.0,70.0
Tamil Nadu,Thiruvallur,13.275858101752885,80.19724702864492,602,3728104,75634,270586,621907,909400,857364,47243,821646,387237,732196,99.0,75.0
Tamil Nadu,Thiruvarur,10.368927409395978,79.60322893959727,619,1264277,4416,295188,109580,303114,287260,3034,430927,321331,86848,102.0,75.0
Tamil Nadu,Tiruvannamalai,12.419318947368414,79.23265631578953,606,2464875,6445,525063,176242,549077,505170,90954,565329,563102,147061,99.0,66.0
Tamil Nadu,Vellore,12.784882632293078,79.02643283582084,605,3936331,20623,391955,417535,865913,797713,72955,860212,653499,486801,101.0,70.0
Tamil Nadu,Virudhunagar,9.468872195892564,77.87641469194315,625,1942288,10219,208702,235005,505950,457317,2294,399831,363782,370942,101.0,72.0
Tripura,Dhalai,23.781360477941163,91.94654283088232,291,378230,273,42201,5532,46875,24750,210608,61688,89457,14071,94.0,73.0
Tripura,North Tripura,24.121739755351683,92.17842538226292,292,693947,997,43977,19631,81601,43755,179426,114968,150437,42184,97.0,75.0
Tripura,South Tripura,23.211874098057383,91.6065807585568,290,876001,948,111332,20246,133744,78159,344835,140168,219171,44906,96.0,74.0
Tripura,West Tripura,23.780166241299337,91.41310788863107,289,1725739,6394,156108,103228,314567,231324,431944,338094,289621,217016,96.0,79.0
Uttar Pradesh,Agra,26.99512974910393,78.05278291517321,146,4418797,27183,234455,251013,536402,433913,7255,991325,496971,406852,87.0,61.0
Uttar Pradesh,Aligarh,27.93748576850093,78.00146831119557,143,3673889,13634,267197,153283,268120,262098,629,755254,582117,275942,88.0,57.0
Uttar Pradesh,Allahabad,25.392038662316445,82.05172446982063,175,5954391,24122,541146,204357,391542,355913,7955,1309851,983266,265304,90.0,62.0
Uttar Pradesh,Ambedkar Nagar,26.39119025974028,82.68282142857147,178,2397888,2509,301120,21512,99581,61470,746,591125,501559,65031,98.0,62.0
Uttar Pradesh,Auraiya,26.66892394014961,79.42637057356607,162,1379545,2404,151727,32687,65479,60174,150,391622,255836,58438,86.0,67.0
Uttar Pradesh,Azamgarh,26.008290954773837,83.01220251256285,191,4613913,6652,452055,49699,183381,159910,9327,1171378,891024,80434,102.0,60.0
Uttar Pradesh,Baghpat,29.045793499999988,77.30266300000001,139,1303048,2989,74500,44732,119121,111663,14,149060,246055,69991,86.0,61.0
Uttar Pradesh,Bahraich,27.691776300578027,81.46779783237004,180,3487731,2681,482897,38940,85814,71676,11159,509307,698520,61742,89.0,40.0
Uttar Pradesh,Ballia,25.86075638297873,84.03651978723408,193,3239774,4672,384432,62157,119972,115533,110114,494698,564927,64454,94.0,61.0
Uttar Pradesh,Balrampur,27.449076537911324,82.47158326180256,182,2148665,1551,328768,16229,57400,34497,24887,277212,410070,35768,93.0,40.0
Uttar Pradesh,Banda,25.351885902503284,80.52487391304344,170,1799410,1655,273458,26907,73522,52233,163,387855,378056,67569,86.0,56.0
Uttar Pradesh,Bara Banki,26.922777025232424,81.35762350597606,176,3260699,3159,421973,60554,108116,116157,610,864559,635840,79068,91.0,52.0
Uttar Pradesh,Bareilly,28.51101940789474,79.43187072368416,150,4448359,15164,326376,210687,272830,300504,3227,557150,631613,362798,89.0,49.0
Uttar Pradesh,Basti,26.833880454545447,82.69790590909092,185,2464464,3423,282260,37593,108101,76856,3620,513959,513960,31065,96.0,57.0
Uttar Pradesh,Bijnor,29.313974259681096,78.45098815489754,134,3682713,7303,311489,128042,268353,260312,3058,787444,683875,224648,92.0,58.0
Uttar Pradesh,Bulandshahr,28.34875862068968,78.01082758620684,142,3499171,7865,241137,124641,223922,254050,198,725600,658449,221628,90.0,58.0
Uttar Pradesh,Chandauli,25.1180859611231,83.25307062634984,196,1952756,3492,248674,32433,99602,109887,41725,446786,344937,50822,92.0,60.0
Uttar Pradesh,Chitrakoot,25.159924623803,81.07666087551297,171,991730,827,150695,11637,41046,27006,366,266655,207237,23558,88.0,54.0
Uttar Pradesh,Deoria,26.42218856548857,83.8244070686071,190,3100946,4469,291016,60348,150001,122308,109894,468663,597778,67928,102.0,60.0
Uttar Pradesh,Etah,27.591155309734443,78.70021858407083,201,1774480,2635,131779,37027,69591,79090,140,281011,334246,67752,87.0,59.0
Uttar Pradesh,Etawah,26.78817670157068,79.07621806282728,161,1581810,2964,158026,47520,113098,84543,169,388283,265643,85483,87.0,67.0
Uttar Pradesh,Faizabad,26.60589185185181,82.00783530864202,177,2470996,4746,272734,58328,127754,99531,931,555047,510378,79288,96.0,59.0
Uttar Pradesh,Farrukhabad,27.45063297872342,79.4406284574468,159,1885204,2624,135679,59209,88081,87314,230,312712,316647,94843,87.0,58.0
Uttar Pradesh,Fatehpur,25.8374362030905,80.85416203090509,172,2632733,3385,425366,43492,75263,97968,340,651480,558807,77733,90.0,57.0
Uttar Pradesh,Firozabad,27.20963993055552,78.42660624999998,147,2498156,5834,150221,100919,196080,169583,2565,473890,349747,185621,88.0,61.0
Uttar Pradesh,Gautam Buddha Nagar,28.393311038961038,77.52462467532465,141,1648115,53181,48845,193902,257586,232925,2215,216105,170835,338935,85.0,68.0
Uttar Pradesh,Ghaziabad,28.74997308584685,77.67441879350343,140,4681645,78116,123680,501592,695130,592753,3968,773463,355407,836316,88.0,67.0
Uttar Pradesh,Ghazipur,25.624724775583484,83.5360854578097,195,3620268,5309,435934,36798,105767,139187,28712,726641,700173,61467,95.0,61.0
Uttar Pradesh,Gonda,27.157215552099505,82.0226888024882,183,3433919,4313,431532,45517,104084,78099,870,531973,673578,52794,92.0,49.0
Uttar Pradesh,Gorakhpur,26.63315886792452,83.3549560377358,188,4440895,14597,454931,149727,296619,255280,18172,936061,761958,189170,95.0,61.0
Uttar Pradesh,Hardoi,27.337409090909137,80.26411767676768,155,4092845,3845,406830,60689,95508,132969,349,1274505,786613,121064,87.0,54.0
Uttar Pradesh,Jalaun,26.067954587155988,79.36686911314993,165,1689974,2217,243035,42616,104176,90428,832,468178,304856,91565,87.0,64.0
Uttar Pradesh,Jaunpur,25.70141280913127,82.54315351934063,194,4494204,8002,436792,56508,181467,211780,4736,990345,926088,80582,102.0,61.0
Uttar Pradesh,Jhansi,25.45581535234902,78.89954580536917,166,1998603,8517,248072,94342,183340,163900,3873,562505,309592,195321,89.0,65.0
Uttar Pradesh,Jyotiba Phule Nagar,28.870498984771597,78.39009365482241,137,1840221,2825,131877,55064,89329,101804,164,318001,335888,115486,91.0,53.0
Uttar Pradesh,Kannauj,26.993988617886185,79.64437940379408,160,1656616,2488,129517,32510,61491,64187,15,309980,299785,65985,88.0,61.0
Uttar Pradesh,Kanpur Dehat,26.43047641196011,79.98710083056478,163,1796184,2682,234069,23831,49753,65556,801,460544,363933,41323,86.0,65.0
Uttar Pradesh,Kaushambi,25.53587532051282,81.41811282051287,174,1599596,1503,321410,22034,43753,52946,193,555397,349856,30764,91.0,51.0
Uttar Pradesh,Kushinagar,26.892530675909864,83.92261542461007,189,3564544,3486,528388,29304,127331,103014,80269,544231,742324,42775,96.0,55.0
Uttar Pradesh,Lalitpur,24.58877161016945,78.60082330508473,167,1221592,1079,131354,20720,77082,53524,71610,240519,258013,43819,91.0,52.0
Uttar Pradesh,Lucknow,26.838233589251463,80.89706026871404,157,4589838,68506,203029,469747,582769,506413,7506,948294,344155,717566,92.0,68.0
Uttar Pradesh,Mahoba,25.34529670138888,79.67863003472216,169,875958,1316,130422,12874,42936,35422,647,220898,198298,48525,88.0,56.0
Uttar Pradesh,Mainpuri,27.17386862302482,79.03501851015807,148,1868529,2642,137174,43074,79022,76780,478,368206,338475,72783,88.0,64.0
Uttar Pradesh,Mathura,27.59390432801821,77.62153416856502,145,2547184,8726,179248,107867,281239,221574,1520,506580,407488,177802,86.0,59.0
Uttar Pradesh,Mau,26.01082203791469,83.50582654028433,192,2205968,2656,212343,40087,149908,82073,22915,474537,352207,99321,98.0,62.0
Uttar Pradesh,Meerut,29.02957625698323,77.80611005586593,138,3443689,23717,153995,236071,425624,354359,3390,624149,381520,422303,89.0,62.0
Uttar Pradesh,Mirzapur,25.10207959183675,82.60126628571429,199,2496970,4447,334372,43500,145997,136132,20132,661129,465152,77963,90.0,57.0
Uttar Pradesh,Moradabad,28.851770406189537,78.73580193423597,135,4772006,11690,338384,179473,281758,283005,685,731406,692398,355518,91.0,47.0
Uttar Pradesh,Muzaffarnagar,29.470507977736563,77.64017847866423,133,4143512,10077,323641,147785,368153,331760,317,561250,673746,296104,89.0,58.0
Uttar Pradesh,Pilibhit,28.52024175035868,79.90103974175037,151,2031007,2870,224192,47723,83006,106945,1714,333558,371752,89638,89.0,52.0
Uttar Pradesh,Pratapgarh,25.864842731707316,81.93530048780492,131,867848,716,96815,17984,71612,37216,550427,60429,209813,24269,98.0,46.0
Uttar Pradesh,Pratapgarh,25.864842731707316,81.93530048780492,173,3209141,5149,386563,46358,140538,135185,723,709252,711085,41701,100.0,60.0
Uttar Pradesh,Rae Bareli,26.253902840059787,81.22260463378181,158,3405559,5184,507882,65080,247856,130197,1756,1030367,705025,73393,94.0,58.0
Uttar Pradesh,Rampur,28.83244727272725,79.10977333333337,136,2335819,3847,230238,62281,131112,134249,358,307936,396775,143217,91.0,45.0
Uttar Pradesh,Saharanpur,30.03381165217392,77.59905147826095,132,3466382,9699,273050,149035,404499,294410,980,764450,605082,284156,89.0,60.0
Uttar Pradesh,Sant Kabir Nagar,26.791596516393444,83.0387764344262,186,1715183,2031,241825,17671,79525,49191,1593,369039,324972,27179,97.0,56.0
Uttar Pradesh,Shahjahanpur,27.991389350649328,79.8302275324675,152,3006538,3889,275192,91958,115163,135885,508,532673,520289,134714,87.0,50.0
Uttar Pradesh,Sitapur,27.501995963091108,80.85288881199547,154,4483992,3874,473554,74072,102040,123246,1602,1446427,827583,111319,89.0,51.0
Uttar Pradesh,Sonbhadra,24.46693268858798,83.06816324951639,200,1862559,5149,371261,40467,95582,80712,385018,421661,337048,91040,92.0,53.0
Uttar Pradesh,Sultanpur,26.2846386419753,82.05710456790123,179,3797117,5956,501634,55055,233701,135697,696,851587,839737,49891,98.0,59.0
Uttar Pradesh,Unnao,26.63163990895297,80.636773292868,156,3108367,3476,332663,70484,99466,134235,2926,948588,596317,121039,91.0,57.0
Uttar Pradesh,Varanasi,25.36057088888889,82.82529666666672,197,3676841,19214,182146,202055,336056,309911,28617,486958,438935,316129,91.0,65.0
Uttaranchal,Almora,29.683532133676103,79.50165064267351,64,622506,1830,10274,40199,109876,70237,1281,150995,260056,21082,114.0,70.0
Uttaranchal,Bageshwar,29.98703393393397,79.83954354354357,63,259898,435,8985,13352,47083,25873,1982,72061,96031,3880,109.0,69.0
Uttaranchal,Chamoli,30.58338611464965,79.56281095541402,57,391605,899,3845,27853,71524,46579,12260,79317,163434,22906,102.0,72.0
Uttaranchal,Champawat,29.29142393939393,80.07720212121217,65,259648,548,4032,18785,37725,22588,1339,47383,85202,12839,98.0,68.0
Uttaranchal,Pithoragarh,30.14720631868129,80.34229230769236,62,483439,1344,5432,45365,95421,58954,19535,120378,183687,26256,102.0,71.0
Uttaranchal,Tehri Garhwal,30.463700918635173,78.48783792650917,59,618931,1366,8129,50929,117239,68294,875,102130,227059,27177,108.0,66.0
Uttaranchal,Udham Singh Nagar,29.02779577677222,79.45629004524895,67,1648902,7883,165250,116576,254802,192243,123037,238264,269406,145253,92.0,63.0
Uttaranchal,Uttarkashi,30.968958552036234,78.56880615384617,56,330086,602,4387,21374,52621,29400,3512,80567,112148,9061,96.0,65.0
West Bengal,Bankura,23.081280892857155,87.12640053571437,339,3596674,4273,647374,45126,334670,177819,368690,1174447,900515,90885,96.0,62.0
West Bengal,Barddhaman,23.444453888888884,87.8150581111111,335,7717563,32323,973182,292585,1049943,747286,489447,2115719,1364868,862368,95.0,68.0
West Bengal,Birbhum,24.06389342723,87.65153089201888,334,3502404,5210,611510,57010,333752,191514,242484,1033140,831044,134565,96.0,62.0
West Bengal,Dakshin Dinajpur,25.342094363021435,88.69821679819614,331,1676276,2518,279932,37186,168069,103980,275366,482754,390949,70077,96.0,65.0
West Bengal,Darjiling,26.839619571045585,88.33145067024122,327,1846823,10943,66041,141897,297176,222987,397389,317275,303284,215675,97.0,71.0
West Bengal,Haora,22.401674174428507,87.99421176968654,341,4850029,30751,181662,325053,796953,539312,15094,718951,483384,869313,94.0,74.0
West Bengal,Hugli,22.87929264705881,88.00010264705891,338,5519145,31725,583380,319815,965258,628340,229243,1344021,992085,647953,96.0,74.0
West Bengal,Jalpaiguri,26.62642031250004,89.04154375000003,328,3872846,9322,349672,138522,382500,268908,731704,1458278,798378,319426,95.0,65.0
West Bengal,Kolkata,22.550581481481483,88.3527648148148,342,4496694,136618,12388,623579,927602,816141,10684,241932,0,1308106,91.0,80.0
West Bengal,Maldah,25.08026802575105,88.17191684549356,332,3988845,5357,545759,54213,297716,142659,313984,835430,830318,128678,94.0,52.0
West Bengal,Murshidabad,24.25950655391121,88.16816860465121,333,7103807,7951,842294,92742,541169,296566,91035,897534,1501066,350899,96.0,57.0
West Bengal,Nadia,23.56410971055088,88.58293034547152,336,5167600,12787,556134,168314,623729,384314,140700,1546917,1081381,468390,95.0,67.0
West Bengal,Puruliya,23.254192328767108,86.3968532876713,340,2930115,3551,492205,30675,189889,104489,540652,567767,653219,99433,96.0,55.0
West Bengal,Uttar Dinajpur,26.044619165196977,88.23595232216337,330,3007134,2883,442328,39138,199307,105431,162816,807950,683981,94269,94.0,50.0
